Name, Phone, Sign, Allergic, Email, ID, City, Country

ku. Witions,+(00) saise—76,1,1,,aszases,,usa,
,+(00) 123—45—47,1,0,ESNSENBmurtarchasson com,sesanss,,Mors,
ku. Witions,+(00) saise—76,1,1,,aszases,,usa,
,+(00) 123—45—47,1,0,ESNSENBmurtarchasson com,sesanss,,Mors,
ku. Witions,+(00) saise—76,1,1,,aszases,,usa,
,+(00) 123—45—47,1,0,ESNSENBmurtarchasson com,sesanss,,Mors,
ku. Witions,+(00) saise—76,1,1,,aszases,,usa,
,+(00) 123—45—47,1,0,ESNSENBmurtarchasson com,sesanss,,Mors,
ku. Witions,+(00) saise—76,1,1,,aszases,,usa,
,+(00) 123—45—47,1,0,ESNSENBmurtarchasson com,sesanss,,Mors,
ku. Witions,+(00) saise—76,1,1,,aszases,,usa,
,+(00) 123—45—47,1,0,ESNSENBmurtarchasson com,sesanss,,Mors,
ku. Witions,+(00) saise—76,1,1,,aszases,,usa,
,+(00) 123—45—47,1,0,ESNSENBmurtarchasson com,sesanss,,Mors,
ku. Witions,+(00) saise—76,1,1,,aszases,,usa,
,+(00) 123—45—47,1,0,ESNSENBmurtarchasson com,sesanss,,Mors,
ku. Witions,+(00) saise—76,1,1,,aszases,,usa,
,+(00) 123—45—47,1,0,ESNSENBmurtarchasson com,sesanss,,Mors,
ku. Witions,+(00) saise—76,1,1,,aszases,,usa,
,+(00) 123—45—47,1,0,ESNSENBmurtarchasson com,sesanss,,Mors,
